domain,status,registrar
adret.com,TAKEN,GoDaddy.com, LLC
agape.com,TAKEN,Hostopia Canada Corp
aksha.com,TAKEN,MarkMonitor Inc.
altus.com,TAKEN,Tucows Domains Inc.
alveo.com,TAKEN,Network Solutions, LLC
ampli.com,TAKEN,Tucows Domains Inc.
ankhu.com,TAKEN,Squarespace Domains II LLC
apiru.com,TAKEN,TurnCommerce, Inc. DBA NameBright.com
arche.com,TAKEN,OVH sas
aulos.com,TAKEN,GoDaddy.com, LLC
auric.com,TAKEN,Nom-iq Ltd. dba COM LAUDE
axion.com,TAKEN,Squarespace Domains LLC
azura.com,TAKEN,GoDaddy.com, LLC
bariq.com,TAKEN,NameCheap, Inc.
baryon.com,TAKEN,COREhub, S.R.L.
beon.com,TAKEN,REGISTER4LESS, INC.
bidweb.com,TAKEN,Epik LLC
bigpod.com,TAKEN,Sea Wasp, LLC
bigtap.com,TAKEN,REGISTER4LESS, INC.
blendr.com,TAKEN,GoDaddy.com, LLC
blixo.com,TAKEN,NameCheap, Inc.
blokk.com,TAKEN,GoDaddy.com, LLC
blurven.com,AVAILABLE,none
blynko.com,TAKEN,GoDaddy.com, LLC
blynth.com,TAKEN,Tucows Domains Inc.
bodhi.com,TAKEN,GoDaddy.com, LLC
boldr.com,TAKEN,GoDaddy.com, LLC
bolvex.com,TAKEN,GoDaddy.com, LLC
boson.com,TAKEN,GoDaddy.com, LLC
braveo.com,TAKEN,Dynadot Inc
braxen.com,TAKEN,Alpine Domains Inc.
brelko.com,TAKEN,GoDaddy.com, LLC
brello.com,TAKEN,GoDaddy.com, LLC
brenlo.com,TAKEN,eNom, LLC
brevis.com,TAKEN,GoDaddy.com, LLC
brexon.com,TAKEN,GoDaddy.com, LLC
brinko.com,TAKEN,DreamHost, LLC
brinox.com,TAKEN,Arsys Internet, S.L. dba NICLINE.COM
brite.com,TAKEN,GoDaddy.com, LLC
brivux.com,TAKEN,Name.com, Inc.
broxel.com,TAKEN,Network Solutions, LLC
brunex.com,TAKEN,InterNetX GmbH
bruthen.com,TAKEN,Alpine Domains Inc.
bruveo.com,AVAILABLE,none
bruvix.com,AVAILABLE,none
bryllo.com,TAKEN,DropCatch.com 1503 LLC
brynja.com,TAKEN,GoDaddy.com, LLC
brynko.com,TAKEN,IONOS SE
bryte.com,TAKEN,Network Solutions, LLC
brytos.com,TAKEN,Infomaniak Network SA
bryvex.com,TAKEN,SBSNames, LLC
bryxal.com,TAKEN,Dynadot Inc
buffr.com,TAKEN,GoDaddy.com, LLC
bugfly.com,TAKEN,GoDaddy.com, LLC
bundld.com,TAKEN,Squarespace Domains II LLC
bundlr.com,TAKEN,GoDaddy.com, LLC
buztap.com,TAKEN,GoDaddy.com, LLC
buzzr.com,TAKEN,GoDaddy.com, LLC
byntho.com,AVAILABLE,none
calix.com,TAKEN,Network Solutions, LLC
carvd.com,TAKEN,GoDaddy.com, LLC
caspix.com,TAKEN,TurnCommerce, Inc. DBA NameBright.com
castr.com,TAKEN,NameCheap, Inc.
centr.com,TAKEN,GoDaddy.com, LLC
cirkl.com,TAKEN,Ascio Technologies, Inc. Danmark - Filia
civis.com,TAKEN,Domain.com - Network Solutions, LLC
clareo.com,TAKEN,GoDaddy.com, LLC
cleer.com,TAKEN,GoDaddy.com, LLC
clickr.com,TAKEN,MarkMonitor Inc.
climbr.com,TAKEN,GoDaddy.com, LLC
cogfly.com,TAKEN,Unstoppable Domains Inc.
craveo.com,TAKEN,GoDaddy.com, LLC
cravix.com,TAKEN,GoDaddy.com, LLC
craxeo.com,TAKEN,GoDaddy.com, LLC
crelko.com,AVAILABLE,none
crello.com,TAKEN,Moniker Online Services LLC
creno.com,TAKEN,OVH sas
cresto.com,TAKEN,Ascio Technologies, Inc. Danmark - Filia
cribb.com,TAKEN,GoDaddy.com, LLC
crivlo.com,TAKEN,GoDaddy.com, LLC
crobex.com,TAKEN,Megazone Corp., dba HOSTING.KR
crova.com,TAKEN,Megazone Corp., dba HOSTING.KR
crovex.com,TAKEN,GoDaddy.com, LLC
crumbl.com,TAKEN,eNom, LLC
cruvio.com,TAKEN,Dynadot Inc
cruxen.com,TAKEN,GoDaddy.com, LLC
cruxio.com,TAKEN,GoDaddy.com, LLC
crynto.com,TAKEN,GoDaddy.com, LLC
cubio.com,TAKEN,PDR Ltd. d/b/a PublicDomainRegistry.com
cubjot.com,AVAILABLE,none
cubweb.com,TAKEN,GoDaddy.com, LLC
dabrun.com,TAKEN,InterNetX GmbH
delos.com,TAKEN,GoDaddy.com, LLC
deshri.com,TAKEN,HOSTINGER operations, UAB
devpod.com,TAKEN,GoDaddy.com, LLC
dexium.com,TAKEN,OVH sas
dhyana.com,TAKEN,eNom, LLC
dianoia.com,TAKEN,Inames Co., Ltd.
dimbox.com,TAKEN,DomainSpot LLC
dimhop.com,AVAILABLE,none
dimup.com,TAKEN,Unstoppable Domains Inc.
dimweb.com,TAKEN,Dynadot Inc
dimzap.com,AVAILABLE,none
dohub.com,TAKEN,Dynadot Inc
dopin.com,TAKEN,GoDaddy.com, LLC
dotfly.com,TAKEN,InterNetX GmbH
dotgo.com,TAKEN,GoDaddy.com, LLC
dotjog.com,TAKEN,$$$ Private Label Internet Service Kiosk
dotpix.com,TAKEN,Dynadot Inc
dotpod.com,TAKEN,GoDaddy.com, LLC
drantho.com,AVAILABLE,none
dravio.com,TAKEN,DropCatch.com 857 LLC
dravon.com,TAKEN,GoDaddy.com, LLC
drelto.com,TAKEN,Dynadot Inc
drenko.com,TAKEN,eNom, LLC
drevix.com,TAKEN,Annulet LLC
drifft.com,TAKEN,SafeNames Ltd.
driftr.com,TAKEN,GoDaddy.com, LLC
dripp.com,TAKEN,GoDaddy.com, LLC
drishti.com,TAKEN,Amazon Registrar, Inc.
droit.com,TAKEN,GoDaddy.com, LLC
drontix.com,TAKEN,SafeBrands SAS
dryad.com,TAKEN,GoDaddy.com, LLC
duofly.com,TAKEN,GoDaddy.com, LLC
elara.com,TAKEN,Amazon Registrar, Inc.
elfbox.com,TAKEN,TurnCommerce, Inc. DBA NameBright.com
ergon.com,TAKEN,Network Solutions, LLC
ethon.com,TAKEN,NameCheap, Inc.
fajar.com,TAKEN,Unstoppable Domains Inc.
fanweb.com,TAKEN,Tucows Domains Inc.
fatfly.com,TAKEN,eNom, LLC
fatpix.com,TAKEN,GoDaddy.com, LLC
faultr.com,TAKEN,Squarespace Domains II LLC
felzar.com,TAKEN,TurnCommerce, Inc. DBA NameBright.com
ferma.com,TAKEN,Dynadot Inc
fermio.com,TAKEN,Amazon Registrar, Inc.
fieldr.com,TAKEN,GoDaddy.com, LLC
filtr.com,TAKEN,MarkMonitor Inc.
findr.com,TAKEN,NameCheap, Inc.
finpod.com,TAKEN,IONOS SE
fixweb.com,TAKEN,Cloudflare, Inc.
flaim.com,TAKEN,GoDaddy.com, LLC
flarux.com,AVAILABLE,none
flavio.com,TAKEN,GoDaddy.com, LLC
flavix.com,TAKEN,TurnCommerce, Inc. DBA NameBright.com
flaxeo.com,TAKEN,OVH sas
flenko.com,TAKEN,PDR Ltd. d/b/a PublicDomainRegistry.com
flenvo.com,TAKEN,Unstoppable Domains Inc.
flivex.com,TAKEN,Nominalia Internet SL
flivko.com,AVAILABLE,none
floqe.com,TAKEN,GoDaddy.com, LLC
florky.com,TAKEN,GoDaddy.com, LLC
floryn.com,TAKEN,Amazon Registrar, Inc.
flotix.com,TAKEN,TurnCommerce, Inc. DBA NameBright.com
flottr.com,TAKEN,Mesh Digital Limited
flureo.com,TAKEN,Cloudflare, Inc.
fluven.com,TAKEN,GoDaddy.com, LLC
fluxar.com,TAKEN,eNom, LLC
fluxio.com,TAKEN,Domain.com - Network Solutions, LLC
fluxon.com,TAKEN,Cloudflare, Inc.
flynko.com,TAKEN,DropCatch.com 1426 LLC
flyrik.com,AVAILABLE,none
fogbit.com,TAKEN,GoDaddy.com, LLC
foghop.com,TAKEN,GoDaddy.com, LLC
fogup.com,TAKEN,Dynadot Inc
foldrs.com,TAKEN,NameSilo, LLC
formi.com,TAKEN,Nameshield SAS
formly.com,TAKEN,Tucows Domains Inc.
forstr.com,TAKEN,Cloudflare, Inc.
fortis.com,TAKEN,Nameshield SAS
foxden.com,TAKEN,Squarespace Domains II LLC
foxfly.com,TAKEN,GoDaddy.com, LLC
foxgo.com,TAKEN,Alibaba Cloud Computing (Beijing) Co., L
foxhop.com,TAKEN,NameCheap, Inc.
foxjet.com,TAKEN,MarkMonitor Inc.
foxpix.com,TAKEN,Megazone Corp., dba HOSTING.KR
foxzap.com,TAKEN,Dynadot Inc
framly.com,TAKEN,GoDaddy.com, LLC
freyr.com,TAKEN,GoDaddy.com, LLC
frinko.com,TAKEN,DNSPod, Inc.
fyber.com,TAKEN,INWX GmbH
galdr.com,TAKEN,Alpine Domains Inc.
gathrd.com,TAKEN,Dynadot Inc
gathry.com,TAKEN,Tucows Domains Inc.
glareo.com,TAKEN,GoDaddy.com, LLC
glazeo.com,TAKEN,TurnCommerce, Inc. DBA NameBright.com
glenvo.com,TAKEN,NameCheap, Inc.
glevux.com,AVAILABLE,none
glinko.com,TAKEN,GoDaddy.com, LLC
glint.com,TAKEN,Tucows Domains Inc.
glintix.com,TAKEN,Dynadot Inc
glintl.com,TAKEN,TurnCommerce, Inc. DBA NameBright.com
glorio.com,TAKEN,GoDaddy.com, LLC
glorux.com,AVAILABLE,none
gloryx.com,TAKEN,Megazone Corp., dba HOSTING.KR
glovik.com,TAKEN,GoDaddy.com, LLC
glumex.com,TAKEN,eNom, LLC
gluon.com,TAKEN,GoDaddy.com, LLC
glynix.com,TAKEN,Dynadot Inc
gobox.com,TAKEN,GoDaddy.com, LLC
godbox.com,TAKEN,Moniker Online Services LLC
gofly.com,TAKEN,Dynadot Inc
gohub.com,TAKEN,GoDaddy.com, LLC
goweb.com,TAKEN,Regional Network Information Center, JSC
gozap.com,TAKEN,GoDaddy.com, LLC
gozip.com,TAKEN,NameCheap, Inc.
grainr.com,TAKEN,GoDaddy.com, LLC
graspd.com,TAKEN,Squarespace Domains LLC
grindl.com,TAKEN,GoDaddy.com, LLC
grindz.com,TAKEN,GoDaddy.com, LLC
grinto.com,TAKEN,GoDaddy.com, LLC
gripp.com,TAKEN,Key-Systems GmbH
hadron.com,TAKEN,Cloudflare, Inc.
harvst.com,TAKEN,GoDaddy.com, LLC
heka.com,TAKEN,IONOS SE
helix.com,TAKEN,SafeNames Ltd.
hexbit.com,TAKEN,NameCheap, Inc.
histr.com,TAKEN,NameCheap, Inc.
hodos.com,TAKEN,GoDaddy.com, LLC
hogbit.com,TAKEN,DropCatch.com 1027 LLC
hogpod.com,TAKEN,Unstoppable Domains Inc.
hoshi.com,TAKEN,Dynadot Inc
hotfly.com,TAKEN,Alibaba Cloud Computing (Beijing) Co., L
hotjab.com,TAKEN,Sea Wasp, LLC
hotpix.com,TAKEN,GoDaddy.com, LLC
hotzip.com,TAKEN,GoDaddy.com, LLC
hubfly.com,TAKEN,Name.com, Inc.
hubvox.com,TAKEN,Cloudflare, Inc.
humbld.com,TAKEN,GoDaddy.com, LLC
hummd.com,TAKEN,IONOS SE
inkpod.com,TAKEN,IONOS SE
jelvon.com,TAKEN,Dynadot Inc
jetcub.com,TAKEN,GoDaddy.com, LLC
jetfin.com,TAKEN,Alibaba Cloud Computing (Beijing) Co., L
jetlog.com,TAKEN,Mesh Digital Limited
jetpod.com,TAKEN,TurnCommerce, Inc. DBA NameBright.com
jetway.com,TAKEN,GoDaddy.com, LLC
jexfly.com,AVAILABLE,none
jextro.com,TAKEN,GoDaddy.com, LLC
jhana.com,TAKEN,Cloudflare, Inc.
jivara.com,TAKEN,TurnCommerce, Inc. DBA NameBright.com
jobix.com,TAKEN,Gandi SAS
jogfly.com,TAKEN,Dynadot Inc
jogpix.com,TAKEN,NameCheap, Inc.
joind.com,TAKEN,Megazone Corp., dba HOSTING.KR
junaro.com,TAKEN,eNom, LLC
kalon.com,TAKEN,GoDaddy.com, LLC
kambri.com,TAKEN,GoDaddy.com, LLC
kaze.com,TAKEN,GMO Internet Group, Inc. d/b/a Onamae.co
kelphi.com,TAKEN,Name.com, Inc.
kelpho.com,AVAILABLE,none
kemet.com,TAKEN,GoDaddy.com, LLC
kenvox.com,TAKEN,Alibaba Cloud Computing (Beijing) Co., L
kenzar.com,TAKEN,Key-Systems GmbH
khufu.com,TAKEN,Wild West Domains, LLC
klenzo.com,TAKEN,Tucows Domains Inc.
klyft.com,TAKEN,GoDaddy.com, LLC
klyvex.com,TAKEN,GoDaddy.com, LLC
koku.com,TAKEN,GoDaddy.com, LLC
koltix.com,TAKEN,Cloudflare, Inc.
korven.com,TAKEN,GoDaddy Online Services Cayman Islands L
kovix.com,TAKEN,GoDaddy.com, LLC
koynt.com,TAKEN,Netregistry Wholesale Pty Ltd
krasis.com,TAKEN,Arsys Internet, S.L. dba NICLINE.COM
krello.com,TAKEN,TurnCommerce, Inc. DBA NameBright.com
krest.com,TAKEN,GoDaddy Online Services Cayman Islands L
krinol.com,TAKEN,Turkticaret.net Yazilim Hizmetleri Sanay
krios.com,TAKEN,united-domains GmbH
kruxen.com,TAKEN,Ascio Technologies, Inc. Danmark - Filia
krynol.com,AVAILABLE,none
kwilt.com,TAKEN,Sea Wasp, LLC
kylix.com,TAKEN,Dynadot Inc
kymbragoup.com,AVAILABLE,none
kyros.com,TAKEN,Bluehost Inc.
kytch.com,TAKEN,DropCatch.com 805 LLC
layrd.com,TAKEN,TurnCommerce, Inc. DBA NameBright.com
lepton.com,TAKEN,1API GmbH
levlr.com,TAKEN,NameCheap, Inc.
lidar.com,TAKEN,Register.com - Network Solutions, LLC
logowl.com,TAKEN,GoDaddy.com, LLC
logpod.com,TAKEN,TurnCommerce, Inc. DBA NameBright.com
loomr.com,TAKEN,GoDaddy.com, LLC
loopd.com,TAKEN,GoDaddy.com, LLC
lumin.com,TAKEN,Network Solutions, LLC
lyric.com,TAKEN,Amazon Registrar, Inc.
lyte.com,TAKEN,NameCheap, Inc.
madpix.com,TAKEN,TurnCommerce, Inc. DBA NameBright.com
mehen.com,TAKEN,Xin Net Technology Corporation
melos.com,TAKEN,COREhub, S.R.L.
merak.com,TAKEN,GoDaddy.com, LLC
mergd.com,TAKEN,eNom, LLC
michi.com,TAKEN,Japan Registry Services Co., Ltd.
mintr.com,TAKEN,PDR Ltd. d/b/a PublicDomainRegistry.com
moldly.com,TAKEN,Unstoppable Domains Inc.
mugfly.com,TAKEN,GoDaddy.com, LLC
mugpix.com,AVAILABLE,none
mugweb.com,TAKEN,TurnCommerce, Inc. DBA NameBright.com
mukti.com,TAKEN,Dynadot Inc
muon.com,TAKEN,GoDaddy.com, LLC
mygo.com,TAKEN,GoDaddy.com, LLC
mythos.com,TAKEN,GoDaddy.com, LLC
nadir.com,TAKEN,Tucows Domains Inc.
naiad.com,TAKEN,Network Solutions, LLC
nami.com,TAKEN,eName Technology Co., Ltd.
nestd.com,TAKEN,CSL Computer Service Langenbach GmbH d/b
netpod.com,TAKEN,1API GmbH
newfly.com,TAKEN,Tucows Domains Inc.
newhub.com,TAKEN,GoDaddy.com, LLC
nexaro.com,TAKEN,Key-Systems GmbH
nexion.com,TAKEN,MarkMonitor Inc.
nexis.com,TAKEN,MarkMonitor Inc.
nimis.com,TAKEN,eNom, LLC
noor.com,TAKEN,NameCheap, Inc.
norvix.com,TAKEN,GoDaddy.com, LLC
nous.com,TAKEN,eNom, LLC
nubfly.com,AVAILABLE,none
nurve.com,TAKEN,GoDaddy.com, LLC
nutbox.com,TAKEN,Squarespace Domains II LLC
nutfly.com,TAKEN,GoDaddy.com, LLC
nyte.com,TAKEN,Sea Wasp, LLC
oatfly.com,AVAILABLE,none
oathub.com,TAKEN,GoDaddy.com, LLC
oldweb.com,TAKEN,Register.com - Network Solutions, LLC
ontos.com,TAKEN,Hetzner Online GmbH
opsis.com,TAKEN,GoDaddy.com, LLC
oread.com,TAKEN,Moniker Online Services LLC
orial.com,TAKEN,Network Solutions, LLC
oxhub.com,TAKEN,Tucows Domains Inc.
pardl.com,AVAILABLE,none
parsly.com,TAKEN,Amazon Registrar, Inc.
patchd.com,TAKEN,NameCheap, Inc.
phaon.com,TAKEN,GoDaddy.com, LLC
photon.com,TAKEN,GoDaddy.com, LLC
phren.com,TAKEN,GoDaddy.com, LLC
pintap.com,TAKEN,GoDaddy.com, LLC
pinweb.com,TAKEN,Network Solutions, LLC
pixhop.com,TAKEN,IONOS SE
pixrun.com,TAKEN,TurnCommerce, Inc. DBA NameBright.com
pixtaprendr.com,AVAILABLE,none
pixweb.com,TAKEN,GoDaddy Online Services Cayman Islands L
pixxl.com,TAKEN,Sea Wasp, LLC
plann.com,TAKEN,GoDaddy.com, LLC
plavux.com,AVAILABLE,none
pleion.com,TAKEN,Epik LLC
plena.com,TAKEN,Name106, Inc.
plexon.com,TAKEN,Network Solutions, LLC
plexum.com,TAKEN,DNC Holdings, Inc.
plovix.com,TAKEN,GoDaddy.com, LLC
plynth.com,TAKEN,Cloudflare, Inc.
podwiz.com,TAKEN,GoDaddy.com, LLC
popweb.com,TAKEN,GoDaddy.com, LLC
praxis.com,TAKEN,Network Solutions, LLC
praxly.com,TAKEN,Dynadot Inc
praxon.com,TAKEN,Ascio Technologies, Inc. Danmark - Filia
prexio.com,TAKEN,GoDaddy.com, LLC
prolyx.com,TAKEN,Dynadot Inc
pryme.com,TAKEN,GoDaddy.com, LLC
pulsly.com,TAKEN,GoDaddy.com, LLC
puzzlr.com,TAKEN,Go Montenegro Domains, LLC
pylon.com,TAKEN,Tucows Domains Inc.
pyntl.com,AVAILABLE,none
qadr.com,TAKEN,Name.com, Inc.
qualbi.com,TAKEN,HOSTINGER operations, UAB
qualix.com,TAKEN,DropCatch.com 1349 LLC
qualon.com,TAKEN,GoDaddy.com, LLC
quartl.com,TAKEN,GoDaddy.com, LLC
quavex.com,TAKEN,GoDaddy.com, LLC
qubit.com,TAKEN,GoDaddy.com, LLC
quelfy.com,AVAILABLE,none
quelm.com,TAKEN,GoDaddy.com, LLC
quelvo.com,TAKEN,GoDaddy.com, LLC
quelzi.com,AVAILABLE,none
quenzy.com,TAKEN,Squarespace Domains II LLC
quilar.com,TAKEN,TurnCommerce, Inc. DBA NameBright.com
quilbo.com,TAKEN,GoDaddy.com, LLC
quilex.com,TAKEN,GoDaddy.com, LLC
quilox.com,TAKEN,TurnCommerce, Inc. DBA NameBright.com
quilth.com,TAKEN,GoDaddy.com, LLC
quilven.com,TAKEN,GoDaddy.com, LLC
quirno.com,TAKEN,GoDaddy.com, LLC
quist.com,TAKEN,Tucows Domains Inc.
quixal.com,TAKEN,IONOS SE
quotr.com,TAKEN,Network Solutions, LLC
ragbit.com,TAKEN,Vautron Rechenzentrum AG
raha.com,TAKEN,Tucows Domains Inc.
rappid.com,TAKEN,RegistryGate GmbH
rapyd.com,TAKEN,GoDaddy.com, LLC
reboqt.com,AVAILABLE,none
reclm.com,TAKEN,GoDaddy.com, LLC
redfly.com,TAKEN,1API GmbH
redup.com,TAKEN,GoDaddy.com, LLC
ribfly.com,AVAILABLE,none
ridbox.com,TAKEN,TurnCommerce, Inc. DBA NameBright.com
rigel.com,TAKEN,Network Solutions, LLC
rimal.com,TAKEN,Name.com, Inc.
rimbox.com,TAKEN,TurnCommerce, Inc. DBA NameBright.com
rimfly.com,TAKEN,TurnCommerce, Inc. DBA NameBright.com
rippld.com,TAKEN,TurnCommerce, Inc. DBA NameBright.com
rishi.com,TAKEN,GoDaddy.com, LLC
riven.com,TAKEN,GoDaddy.com, LLC
rostr.com,TAKEN,GoDaddy.com, LLC
routr.com,TAKEN,Amazon Registrar, Inc.
rubweb.com,TAKEN,Annulet LLC
runbit.com,TAKEN,Cloudflare, Inc.
runby.com,TAKEN,Cloudflare, Inc.
runis.com,TAKEN,GoDaddy.com, LLC
runpod.com,TAKEN,NameCheap, Inc.
rustiq.com,TAKEN,NameSilo, LLC
rustl.com,TAKEN,TurnCommerce, Inc. DBA NameBright.com
sabr.com,TAKEN,GoDaddy.com, LLC
sagio.com,TAKEN,Ascio Technologies, Inc. Danmark - Filia
satva.com,TAKEN,GoDaddy.com, LLC
sedge.com,TAKEN,GoDaddy.com, LLC
seekr.com,TAKEN,GoDaddy.com, LLC
seidr.com,TAKEN,Gandi SAS
setfly.com,TAKEN,TurnCommerce, Inc. DBA NameBright.com
setpix.com,TAKEN,NameCheap, Inc.
shardz.com,TAKEN,GoDaddy Online Services Cayman Islands L
sharqe.com,TAKEN,HOSTINGER operations, UAB
sheltr.com,TAKEN,Alpine Domains Inc.
shen.com,TAKEN,Alibaba Cloud Computing Ltd. d/b/a HiChi
shiftr.com,TAKEN,Domain.com - Network Solutions, LLC
shiyn.com,TAKEN,GoDaddy.com, LLC
siftly.com,TAKEN,Dynadot Inc
signl.com,TAKEN,Tucows Domains Inc.
skald.com,TAKEN,GoDaddy.com, LLC
sketchd.com,TAKEN,GoDaddy.com, LLC
skipr.com,TAKEN,GoDaddy.com, LLC
skivro.com,TAKEN,Squarespace Domains LLC
skore.com,TAKEN,Dynadot Inc
skoven.com,TAKEN,CSL Computer Service Langenbach GmbH d/b
skrim.com,TAKEN,GoDaddy.com, LLC
skryne.com,TAKEN,GoDaddy.com, LLC
skybit.com,TAKEN,Megazone Corp., dba HOSTING.KR
skygo.com,TAKEN,MarkMonitor Inc.
skyhop.com,TAKEN,GoDaddy.com, LLC
skyjig.com,TAKEN,GoDaddy.com, LLC
skymap.com,TAKEN,Cloudflare, Inc.
skypod.com,TAKEN,Register.com - Network Solutions, LLC
skytap.com,TAKEN,Nom-iq Ltd. dba COM LAUDE
slaivo.com,TAKEN,NameCheap, Inc.
slareo.com,AVAILABLE,none
slavux.com,AVAILABLE,none
slekko.com,TAKEN,Epik LLC
slendr.com,TAKEN,Dynadot Inc
slicr.com,TAKEN,GoDaddy.com, LLC
slivox.com,TAKEN,NameCheap, Inc.
slottr.com,TAKEN,GoDaddy.com, LLC
slovix.com,TAKEN,GoDaddy.com, LLC
sluvo.com,TAKEN,Unstoppable Domains Inc.
sluxen.com,AVAILABLE,none
slyke.com,TAKEN,TurnCommerce, Inc. DBA NameBright.com
slynex.com,TAKEN,IONOS SE
slynvo.com,AVAILABLE,none
snakko.com,TAKEN,GoDaddy.com, LLC
snapix.com,TAKEN,MarkMonitor Inc.
snapp.com,TAKEN,GoDaddy.com, LLC
snappr.com,TAKEN,DropCatch.com 462 LLC
snarlo.com,TAKEN,PDXPrivateNames.com LLC
snarq.com,TAKEN,GoDaddy.com, LLC
snaxel.com,AVAILABLE,none
snelk.com,TAKEN,DropCatch.com 347 LLC
snello.com,TAKEN,TurnCommerce, Inc. DBA NameBright.com
snevlo.com,AVAILABLE,none
snipro.com,TAKEN,OVH sas
snivek.com,AVAILABLE,none
snorex.com,TAKEN,Cloudflare, Inc.
snoryx.com,TAKEN,Tucows Domains Inc.
snuxed.com,AVAILABLE,none
snuxio.com,AVAILABLE,none
sockt.com,TAKEN,NameCheap, Inc.
solva.com,TAKEN,InterNetX GmbH
solvd.com,TAKEN,GoDaddy.com, LLC
sora.com,TAKEN,MarkMonitor Inc.
spando.com,TAKEN,GoDaddy.com, LLC
sparcl.com,TAKEN,DropCatch.com 644 LLC
sparko.com,TAKEN,GoDaddy.com, LLC
sparlo.com,TAKEN,Dynadot Inc
sparux.com,TAKEN,NameCheap, Inc.
spaveo.com,AVAILABLE,none
spavix.com,AVAILABLE,none
spavlo.com,AVAILABLE,none
spillr.com,TAKEN,PDR Ltd. d/b/a PublicDomainRegistry.com
spindl.com,TAKEN,CSL Computer Service Langenbach GmbH d/b
spira.com,TAKEN,GoDaddy.com, LLC
spivex.com,TAKEN,united-domains GmbH
spixel.com,TAKEN,DomainPeople, Inc.
splavo.com,TAKEN,GMO Internet Group, Inc. d/b/a Onamae.co
splevo.com,TAKEN,eNom, LLC
splitz.com,TAKEN,Network Solutions, LLC
splixo.com,TAKEN,Amazon Registrar, Inc.
splynk.com,TAKEN,Amazon Registrar, Inc.
spolix.com,TAKEN,TurnCommerce, Inc. DBA NameBright.com
sprello.com,TAKEN,Network Solutions, LLC
sprix.com,TAKEN,Network Solutions, LLC
sprixo.com,TAKEN,GoDaddy.com, LLC
spruxo.com,AVAILABLE,none
spryke.com,TAKEN,GoDaddy.com, LLC
spryvo.com,TAKEN,GoDaddy.com, LLC
spunto.com,TAKEN,Alibaba Cloud Computing Ltd. d/b/a HiChi
spurex.com,TAKEN,Annulet LLC
stackd.com,TAKEN,DomainSite, Inc.
stampd.com,TAKEN,GoDaddy.com, LLC
staqe.com,TAKEN,Dynadot Inc
stashd.com,TAKEN,GoDaddy.com, LLC
stepr.com,TAKEN,InterNetX GmbH
stoa.com,TAKEN,GoDaddy.com, LLC
stralux.com,TAKEN,TurnCommerce, Inc. DBA NameBright.com
straveo.com,TAKEN,Dynadot Inc
stravix.com,TAKEN,GoDaddy.com, LLC
straxo.com,TAKEN,GoDaddy.com, LLC
strelk.com,TAKEN,123-Reg Limited
strelo.com,TAKEN,GoDaddy.com, LLC
strenk.com,TAKEN,GoDaddy.com, LLC
strevox.com,TAKEN,Tucows Domains Inc.
stripo.com,TAKEN,Dynadot Inc
striveo.com,TAKEN,NameCheap, Inc.
strivo.com,TAKEN,Ascio Technologies, Inc. Danmark - Filia
strix.com,TAKEN,IONOS SE
struvo.com,TAKEN,GoDaddy.com, LLC
struxo.com,TAKEN,GoDaddy.com, LLC
strylo.com,TAKEN,Dynadot Inc
stryvo.com,TAKEN,Key-Systems GmbH
sturdl.com,AVAILABLE,none
suhal.com,TAKEN,TurnCommerce, Inc. DBA NameBright.com
sunbit.com,TAKEN,Amazon Registrar, Inc.
sunfly.com,TAKEN,CSL Computer Service Langenbach GmbH d/b
sunhop.com,TAKEN,GoDaddy.com, LLC
sunmap.com,TAKEN,NameSilo, LLC
sunpix.com,TAKEN,DomainPeople, Inc.
svenko.com,TAKEN,TurnCommerce, Inc. DBA NameBright.com
sviral.com,TAKEN,NameSilo, LLC
swalko.com,AVAILABLE,none
swarlo.com,TAKEN,Name.com, Inc.
swaylo.com,TAKEN,TurnCommerce, Inc. DBA NameBright.com
sweft.com,TAKEN,Vautron Rechenzentrum AG
swello.com,TAKEN,Gandi SAS
swelto.com,TAKEN,GoDaddy.com, LLC
swenlo.com,AVAILABLE,none
swivex.com,TAKEN,GoDaddy.com, LLC
swivl.com,TAKEN,Gandi SAS
swivon.com,TAKEN,Ascio Technologies, Inc. Danmark - Filia
swivux.com,AVAILABLE,none
swurex.com,AVAILABLE,none
swurvo.com,TAKEN,GoDaddy.com, LLC
swyft.com,TAKEN,GoDaddy.com, LLC
swyken.com,AVAILABLE,none
sylph.com,TAKEN,GoDaddy.com, LLC
syntal.com,TAKEN,GoDaddy.com, LLC
syntho.com,TAKEN,Amazon Registrar, Inc.
syntro.com,TAKEN,Network Solutions, LLC
tagpix.com,TAKEN,DropCatch.com 885 LLC
tapbit.com,TAKEN,GoDaddy.com, LLC
tapfly.com,TAKEN,GoDaddy.com, LLC
tapjig.com,TAKEN,GoDaddy.com, LLC
tapweb.com,TAKEN,Register.com - Network Solutions, LLC
taxfly.com,TAKEN,GoDaddy.com, LLC
telos.com,TAKEN,Amazon Registrar, Inc.
terra.com,TAKEN,Acens Technologies, S.L.U.
thoth.com,TAKEN,Network Solutions, LLC
thredz.com,TAKEN,Epik LLC
thumos.com,TAKEN,NameSilo, LLC
thymos.com,TAKEN,Squarespace Domains II LLC
timlr.com,TAKEN,Epik LLC
tinbox.com,TAKEN,GoDaddy.com, LLC
tipmix.com,TAKEN,TurnCommerce, Inc. DBA NameBright.com
tipweb.com,TAKEN,GoDaddy.com, LLC
topfly.com,TAKEN,GoDaddy.com, LLC
topjog.com,TAKEN,Unstoppable Domains Inc.
topweb.com,TAKEN,Network Solutions, LLC
torqd.com,TAKEN,Tucows Domains Inc.
torqen.com,TAKEN,GoDaddy.com, LLC
trackt.com,TAKEN,123-Reg Limited
trakkr.com,TAKEN,GoDaddy.com, LLC
tralux.com,TAKEN,OVH sas
tralyx.com,TAKEN,NameCheap, Inc.
traxen.com,TAKEN,GoDaddy.com, LLC
traxol.com,TAKEN,PDR Ltd. d/b/a PublicDomainRegistry.com
trayl.com,TAKEN,TurnCommerce, Inc. DBA NameBright.com
trenyx.com,TAKEN,united-domains GmbH
trevix.com,TAKEN,Megazone Corp., dba HOSTING.KR
trivox.com,TAKEN,Squarespace Domains II LLC
tronk.com,TAKEN,Megazone Corp., dba HOSTING.KR
trovly.com,TAKEN,GoDaddy.com, LLC
trovr.com,TAKEN,Tucows Domains Inc.
truvol.com,TAKEN,GoDaddy.com, LLC
tsugi.com,TAKEN,GoDaddy.com, LLC
twalvo.com,AVAILABLE,none
twareo.com,AVAILABLE,none
twarlo.com,AVAILABLE,none
twaven.com,AVAILABLE,none
twenvo.com,AVAILABLE,none
twerlo.com,TAKEN,NameCheap, Inc.
twikso.com,TAKEN,GoDaddy.com, LLC
twilux.com,TAKEN,GoDaddy.com, LLC
twistd.com,TAKEN,GoDaddy.com, LLC
twivex.com,AVAILABLE,none
twixel.com,TAKEN,Gandi SAS
twuvex.com,AVAILABLE,none
twyken.com,AVAILABLE,none
tycho.com,TAKEN,Launchpad.com Inc.
upgo.com,TAKEN,GoDaddy.com, LLC
valkyn.com,TAKEN,TurnCommerce, Inc. DBA NameBright.com
valor.com,TAKEN,GoDaddy.com, LLC
vanir.com,TAKEN,Network Solutions, LLC
varux.com,TAKEN,GoDaddy.com, LLC
vaultr.com,TAKEN,Cloudflare, Inc.
velaro.com,TAKEN,Network Solutions, LLC
veloci.com,TAKEN,GKG.Net, Inc.
veltix.com,TAKEN,GoDaddy.com, LLC
verlix.com,TAKEN,PDR Ltd. d/b/a PublicDomainRegistry.com
versa.com,TAKEN,eNom, LLC
versly.com,TAKEN,MarkMonitor Inc.
vexico.com,TAKEN,GoDaddy.com, LLC
vexion.com,TAKEN,NameCheap, Inc.
vidya.com,TAKEN,GoDaddy.com, LLC
volta.com,TAKEN,GoDaddy.com, LLC
volts.com,TAKEN,GoDaddy.com, LLC
vorbit.com,TAKEN,Gandi SAS
vorkun.com,TAKEN,Dynadot Inc
voxium.com,TAKEN,Domain.com - Network Solutions, LLC
vundex.com,TAKEN,NameSilo, LLC
wabi.com,TAKEN,eName Technology Co., Ltd.
waxfly.com,TAKEN,Domain.com - Network Solutions, LLC
webfox.com,TAKEN,NameSilo, LLC
webkin.com,TAKEN,Wild West Domains, LLC
webtip.com,TAKEN,InterNetX GmbH
webzap.com,TAKEN,Ascio Technologies, Inc. Danmark - Filia
wedo.com,TAKEN,GoDaddy.com, LLC
wefly.com,TAKEN,IONOS SE
wyrd.com,TAKEN,Network Solutions, LLC
zaffly.com,TAKEN,GoDaddy.com, LLC
zanvox.com,TAKEN,IONOS SE
zapiro.com,TAKEN,Network Solutions, LLC
zarken.com,TAKEN,Amazon Registrar, Inc.
zarply.com,TAKEN,Dynadot Inc
zarvel.com,TAKEN,Dynadot Inc
zelvix.com,TAKEN,GoDaddy.com, LLC
zenfly.com,TAKEN,GoDaddy.com, LLC
zentho.com,TAKEN,Gname.com Pte. Ltd.
zephon.com,TAKEN,GoDaddy.com, LLC
zeplar.com,TAKEN,Dynadot Inc
zinbit.com,TAKEN,GoDaddy.com, LLC
zintro.com,TAKEN,GoDaddy.com, LLC
zipfly.com,TAKEN,GoDaddy.com, LLC
zipgo.com,TAKEN,TurnCommerce, Inc. DBA NameBright.com
ziptap.com,TAKEN,GoDaddy.com, LLC
zipweb.com,TAKEN,GoDaddy Online Services Cayman Islands L
zolven.com,TAKEN,GoDaddy.com, LLC
zundir.com,TAKEN,GoDaddy.com, LLC
zuplo.com,TAKEN,Cloudflare, Inc.
zylmar.com,AVAILABLE,none
