domain,method,offer_usd,max_usd,notes
devhub.io,afternic,500,1000,DR 27 best authority play - ethereum.org backlink
apitools.com,dynadot,200,400,tech niche - 69 GitHub repo mentions - Red Hat docs
sitegrader.com,whois,100,300,SEO tool keyword - 18yr domain
imageeditor.net,whois,75,150,high search volume keyword 673K/mo
codeguide.com,whois,50,100,25yr .com if owner responds
bestdevtools.com,whois,75,150,expires May 22 may not need offer
taskplanner.com,whois,75,150,clientRenewProhibited likely drops
codetools.com,whois,50,100,26yr .com
prompttools.com,whois,50,100,AI prompt keyword
